id_platillo,nombre_es,categoria,subcategoria,estado_tipico,region_tipica,descripcion_es,tipo_estructura,personalizable,nivel_picante_base,riesgo_digestivo_base,nota_cultural_es,recomendacion_turista_es,activo
PL001,quesadilla,antojito,quesadilla,Ciudad de México,Centro,Tortilla doblada con relleno salado que se cocina al comal o en la plancha y se termina con salsa al gusto.,tortilla_rellena,true,bajo,medio,Es una de las familias de antojitos más versátiles del centro del país y cambia mucho según el puesto y la masa.,Conviene confirmar si la versión local lleva queso por defecto y pedir la salsa aparte si se quiere comparar rellenos.,true
PL002,taco dorado,antojito,taco_frito,Jalisco,Occidente,"Taco enrollado o doblado que se fríe hasta quedar crujiente y se sirve con lechuga, crema, queso y salsa.",antojito_frito,true,medio,alto,"Es un clásico de fondas y mercados del occidente, aunque aparece con rellenos distintos en gran parte del país.","Conviene comerlo recién hecho para aprovechar textura y temperatura. Si no estás acostumbrado a comida pesada, empieza con una porción moderada o compártelo.",true
PL003,torta,antojito,torta,Ciudad de México,Centro,"Pan salado relleno con proteína, vegetales, frijoles, lácteos y salsas según el estilo de la tortería.",pan_relleno,true,bajo,medio,Es una comida urbana muy extendida y sirve como punto de entrada para entender rellenos y panes regionales.,Conviene comerlo recién hecho para aprovechar textura y temperatura. Vale la pena confirmar toppings y salsas para ajustarlo a tu apetito y tolerancia al picante.,true
PL004,pambazo,antojito,pan_relleno_mexicano,Ciudad de México,Centro,"Pan remojado en salsa de chile guajillo, relleno y dorado a la plancha antes de servirse con lechuga, crema y queso.",pan_relleno,true,medio,alto,Es una referencia callejera del altiplano central y suele comerse como antojo abundante de mercado o feria.,"Conviene comerlo recién hecho para aprovechar textura y temperatura. Si no estás acostumbrado a comida pesada, empieza con una porción moderada o compártelo.",true
PL005,sope,antojito,sope,Guerrero,Centro-Sur,"Disco pequeño de masa con borde levantado que recibe frijol, proteína, lácteos y salsa encima.",abierto_con_toppings,true,medio,medio,"Tiene presencia nacional, pero destaca por su flexibilidad para combinar bases, carnes y salsas en una sola orden.",Conviene comerlo recién hecho para aprovechar textura y temperatura. Vale la pena confirmar toppings y salsas para ajustarlo a tu apetito y tolerancia al picante.,true
PL006,gordita,antojito,gordita,Hidalgo,Centro,"Pieza de masa gruesa abierta o cerrada, cocida al comal o frita y rellenada con guisos clásicos.",cerrado_con_relleno,true,bajo,medio,"La forma cambia por región, pero siempre funciona como formato útil para comparar rellenos populares.",Conviene comerlo recién hecho para aprovechar textura y temperatura.,true
PL007,huarache,antojito,huarache,Ciudad de México,Centro,"Base alargada de masa con frijol untado y toppings como carne, nopales, queso y salsas.",abierto_con_toppings,true,medio,medio,Es un antojito urbano grande y muy práctico para explorar combinaciones comunes de la cocina de mercado.,Conviene comerlo recién hecho para aprovechar textura y temperatura. Vale la pena confirmar toppings y salsas para ajustarlo a tu apetito y tolerancia al picante.,true
PL008,tostada,antojito,tostada,Estado de México,Centro,"Tortilla crujiente cubierta con guisos, mariscos, vegetales, crema, queso o salsas según la casa.",abierto_con_toppings,true,medio,medio,Funciona como lienzo de antojería y permite probar rellenos fríos o calientes en porciones moderadas.,Conviene comerlo recién hecho para aprovechar textura y temperatura. Mejor en un lugar con buena rotación y cadena de frío. Vale la pena confirmar toppings y salsas para ajustarlo a tu apetito y tolerancia al picante.,true
PL009,enchiladas,antojito,enchilada,Estado de México,Centro,"Tortillas pasadas por salsa y rellenadas o dobladas, servidas con crema, queso, cebolla o proteína.",tortilla_rellena,true,medio,medio,La familia de enchiladas cambia notablemente entre estados y es muy útil para reconocer estilos regionales.,Conviene comerlo recién hecho para aprovechar textura y temperatura. Vale la pena confirmar toppings y salsas para ajustarlo a tu apetito y tolerancia al picante.,true
PL010,chilaquiles,desayuno,chilaquiles,Ciudad de México,Centro,"Totopos bañados en salsa roja o verde y rematados con crema, queso, cebolla y proteína opcional.",abierto_con_toppings,true,medio,medio,"Es uno de los desayunos más extendidos del país y cada fonda lo ajusta en humedad, picor y topping.","Vale la pena pedirlo temprano, cuando la textura y las guarniciones suelen estar en su mejor punto. Vale la pena confirmar toppings y salsas para ajustarlo a tu apetito y tolerancia al picante.",true
PL011,tamal,antojito,tamal,Oaxaca,Sur,"Masa de maíz envuelta en hoja o en tusa, rellena con guisos salados o dulces y cocida al vapor.",cerrado_con_relleno,true,medio,medio,"Es una gran familia culinaria nacional y sirve para comparar técnicas, hojas, masas y rellenos regionales.",Conviene comerlo recién hecho para aprovechar textura y temperatura.,true
PL012,pozole,sopa/caldo,pozole,Guerrero,Centro-Sur,"Caldo de maíz cacahuazintle con carne y guarniciones frescas como lechuga, rábano, cebolla, orégano y chile.",caldo,true,medio,medio,"Es un plato festivo de enorme presencia nacional que cambia de color, proteína y guarniciones según la región.",Suele funcionar bien como plato principal o como entrada abundante si el resto de la comida será ligera.,true
PL013,burrito,antojito,burrito,Chihuahua,Norte,"Tortilla de harina grande enrollada alrededor de frijoles, guisos o carnes de estilo norteño.",cerrado_con_relleno,true,bajo,medio,En el norte funciona como comida práctica de camino y cambia bastante de tamaño y relleno entre ciudades.,Conviene comerlo recién hecho para aprovechar textura y temperatura.,true
PL014,taco,antojito,taco,Sonora,Norte,"Tortilla doblada con un relleno principal y salsas o guarniciones, servida al momento como formato base de la cocina mexicana.",tortilla_rellena,true,medio,medio,Es probablemente el formato más representativo de la comida urbana mexicana y admite enormes diferencias regionales.,"La mejor estrategia es pedir varios de estilos distintos en una misma taquería para comparar grasas, salsas y tortillas.",true
PL015,mollete,desayuno,mollete,Ciudad de México,Centro,"Mitades de pan tostado con frijoles y queso fundido, terminadas con pico de gallo o guisos.",abierto_con_toppings,true,bajo,medio,"Es un desayuno muy común en cafeterías, loncherías y casas urbanas del centro del país.","Vale la pena pedirlo temprano, cuando la textura y las guarniciones suelen estar en su mejor punto. Vale la pena confirmar toppings y salsas para ajustarlo a tu apetito y tolerancia al picante.",true
PL016,tlacoyo,antojito,tlacoyo,Estado de México,Centro,"Pieza ovalada de masa gruesa con relleno interno, cocida al comal y servida con nopales, queso y salsa.",cerrado_con_relleno,true,medio,medio,Su forma y rellenos lo hacen muy útil para reconocer la cocina de maíz del altiplano central.,Conviene comerlo recién hecho para aprovechar textura y temperatura.,true
PL017,flauta,antojito,flauta,Guanajuato,Bajío,"Tortilla enrollada y frita hasta quedar muy crujiente, cubierta con crema, lechuga, salsa y queso.",antojito_frito,true,medio,alto,"Comparte familia con tacos fritos y taquitos, pero suele distinguirse por su forma más alargada y delgada.","Conviene comerlo recién hecho para aprovechar textura y temperatura. Si no estás acostumbrado a comida pesada, empieza con una porción moderada o compártelo.",true
PL018,tlayuda,antojito,antojito_oaxaqueño,Oaxaca,Sur,"Tortilla grande y semiseca con asiento, frijol, quesillo, vegetales y carne al gusto.",abierto_con_toppings,false,medio,medio,Es una preparación muy reconocible de Oaxaca y ayuda a entender la cocina del sur.,Conviene comerlo recién hecho para aprovechar textura y temperatura. Vale la pena confirmar toppings y salsas para ajustarlo a tu apetito y tolerancia al picante.,true
PL019,memela,antojito,antojito_oaxaqueño,Oaxaca,Sur,"Disco pequeño de masa untado con asiento, frijol o salsa y terminado con queso y carne opcional.",abierto_con_toppings,false,medio,medio,Es una preparación muy reconocible de Oaxaca y ayuda a entender la cocina del sur.,Conviene comerlo recién hecho para aprovechar textura y temperatura. Vale la pena confirmar toppings y salsas para ajustarlo a tu apetito y tolerancia al picante.,true
PL020,tetela,antojito,antojito_poblano,Puebla,Centro,"Triángulo de masa relleno de frijol, haba o requesón que se cocina al comal y se acompaña con salsa.",cerrado_con_relleno,false,medio,medio,Es una preparación muy reconocible de Puebla y ayuda a entender la cocina del centro.,Conviene comerlo recién hecho para aprovechar textura y temperatura.,true
PL021,chalupas poblanas,antojito,antojito_poblano,Puebla,Centro,"Tortillas pequeñas fritas en manteca, servidas con salsa verde o roja, cebolla y carne deshebrada.",abierto_con_toppings,false,medio,medio,Es una preparación muy reconocible de Puebla y ayuda a entender la cocina del centro.,Conviene comerlo recién hecho para aprovechar textura y temperatura. Vale la pena confirmar toppings y salsas para ajustarlo a tu apetito y tolerancia al picante.,true
PL022,panucho,antojito,antojito_yucateco,Yucatán,Península de Yucatán,"Tortilla rellena de frijol, frita y cubierta con pavo o pollo, cebolla morada y aguacate.",abierto_con_toppings,false,medio,medio,Es una preparación muy reconocible de Yucatán y ayuda a entender la cocina del península de yucatán.,Conviene comerlo recién hecho para aprovechar textura y temperatura. Vale la pena confirmar toppings y salsas para ajustarlo a tu apetito y tolerancia al picante.,true
PL023,salbute,antojito,antojito_yucateco,Yucatán,Península de Yucatán,"Masa frita y esponjada servida con pavo, lechuga, jitomate, aguacate y cebolla curtida.",abierto_con_toppings,false,medio,medio,Es una preparación muy reconocible de Yucatán y ayuda a entender la cocina del península de yucatán.,Conviene comerlo recién hecho para aprovechar textura y temperatura. Vale la pena confirmar toppings y salsas para ajustarlo a tu apetito y tolerancia al picante.,true
PL024,empanada de cazón,antojito,empanada_costera,Campeche,Península de Yucatán,Empanada de maíz o trigo rellena de cazón guisado y salsa de jitomate.,cerrado_con_relleno,false,medio,medio,Es una preparación muy reconocible de Campeche y ayuda a entender la cocina del península de yucatán.,Conviene comerlo recién hecho para aprovechar textura y temperatura.,true
PL025,picadas veracruzanas,antojito,antojito_veracruzano,Veracruz,Golfo,"Discos de masa pellizcados en la orilla, servidos con salsa, cebolla, queso o carne.",abierto_con_toppings,false,medio,medio,Es una preparación muy reconocible de Veracruz y ayuda a entender la cocina del golfo.,Conviene comerlo recién hecho para aprovechar textura y temperatura. Vale la pena confirmar toppings y salsas para ajustarlo a tu apetito y tolerancia al picante.,true
PL026,dobladas oaxaqueñas,antojito,antojito_oaxaqueño,Oaxaca,Sur,Tortillas grandes dobladas sobre un relleno sencillo y calentadas al comal antes de bañarse con salsa.,tortilla_rellena,false,medio,medio,Es una preparación muy reconocible de Oaxaca y ayuda a entender la cocina del sur.,Conviene comerlo recién hecho para aprovechar textura y temperatura. Vale la pena confirmar toppings y salsas para ajustarlo a tu apetito y tolerancia al picante.,true
PL027,molotes poblanos,antojito,antojito_poblano,Puebla,Centro,"Antojito frito de masa mezclada con papa, relleno y servido con crema, salsa y queso.",antojito_frito,false,medio,alto,Es una preparación muy reconocible de Puebla y ayuda a entender la cocina del centro.,"Conviene comerlo recién hecho para aprovechar textura y temperatura. Si no estás acostumbrado a comida pesada, empieza con una porción moderada o compártelo.",true
PL028,garnachas istmeñas,antojito,antojito_oaxaqueño,Oaxaca,Sur,"Tortillas pequeñas fritas con carne deshebrada, salsa y cebolla encurtida del Istmo.",abierto_con_toppings,false,medio,medio,Es una preparación muy reconocible de Oaxaca y ayuda a entender la cocina del sur.,Conviene comerlo recién hecho para aprovechar textura y temperatura. Vale la pena confirmar toppings y salsas para ajustarlo a tu apetito y tolerancia al picante.,true
PL029,garnachas chiapanecas,antojito,antojito_chiapaneco,Chiapas,Sur,"Discos pequeños fritos que suelen servirse con carne molida, salsa y queso seco.",abierto_con_toppings,false,medio,medio,Es una preparación muy reconocible de Chiapas y ayuda a entender la cocina del sur.,Conviene comerlo recién hecho para aprovechar textura y temperatura. Vale la pena confirmar toppings y salsas para ajustarlo a tu apetito y tolerancia al picante.,true
PL030,gringa,antojito,taco_de_harina,Nuevo León,Norte,"Tortilla de harina con queso fundido y carne al pastor o similar, doblada y servida bien caliente.",tortilla_rellena,false,medio,medio,Es una preparación muy reconocible de Nuevo León y ayuda a entender la cocina del norte.,Conviene comerlo recién hecho para aprovechar textura y temperatura. Vale la pena confirmar toppings y salsas para ajustarlo a tu apetito y tolerancia al picante.,true
PL031,sincronizada,antojito,taco_de_harina,Sonora,Norte,"Dos tortillas de harina prensadas con jamón, queso y otros rellenos ligeros.",tortilla_rellena,false,bajo,medio,Es una preparación muy reconocible de Sonora y ayuda a entender la cocina del norte.,Conviene comerlo recién hecho para aprovechar textura y temperatura. Vale la pena confirmar toppings y salsas para ajustarlo a tu apetito y tolerancia al picante.,true
PL032,mulita,antojito,antojito_baja,Baja California,Noroeste,"Par de tortillas crujientes con carne, queso y salsa, servidas como bocado contundente de taquería.",tortilla_rellena,false,medio,medio,Es una preparación muy reconocible de Baja California y ayuda a entender la cocina del noroeste.,Conviene comerlo recién hecho para aprovechar textura y temperatura. Vale la pena confirmar toppings y salsas para ajustarlo a tu apetito y tolerancia al picante.,true
PL033,volcán,antojito,antojito_tostado,Jalisco,Occidente,"Tostada pequeña o tortilla dorada coronada con queso fundido, carne y salsa.",abierto_con_toppings,false,medio,medio,Es una preparación muy reconocible de Jalisco y ayuda a entender la cocina del occidente.,Conviene comerlo recién hecho para aprovechar textura y temperatura. Vale la pena confirmar toppings y salsas para ajustarlo a tu apetito y tolerancia al picante.,true
PL034,cemita poblana,antojito,pan_relleno_mexicano,Puebla,Centro,"Pan de ajonjolí relleno con milanesa o carne, quesillo, pápalo, aguacate y chipotle.",pan_relleno,false,medio,medio,Es una preparación muy reconocible de Puebla y ayuda a entender la cocina del centro.,Conviene comerlo recién hecho para aprovechar textura y temperatura. Vale la pena confirmar toppings y salsas para ajustarlo a tu apetito y tolerancia al picante.,true
PL035,torta ahogada,antojito,torta_regional,Jalisco,Occidente,Birote salado relleno de carnitas y sumergido en salsa de jitomate con chile.,pan_relleno,false,medio,alto,Es una preparación muy reconocible de Jalisco y ayuda a entender la cocina del occidente.,"Conviene comerlo recién hecho para aprovechar textura y temperatura. Si no estás acostumbrado a comida pesada, empieza con una porción moderada o compártelo.",true
PL036,guajolota,antojito,torta_regional,Ciudad de México,Centro,"Bolillo relleno con tamal, típico de desayunos callejeros y puestos madrugadores.",pan_relleno,false,bajo,alto,Es una preparación muy reconocible de Ciudad de México y ayuda a entender la cocina del centro.,"Conviene comerlo recién hecho para aprovechar textura y temperatura. Si no estás acostumbrado a comida pesada, empieza con una porción moderada o compártelo.",true
PL037,pelonas poblanas,antojito,pan_relleno_mexicano,Puebla,Centro,"Pan crujiente de antojería poblana relleno de carne deshebrada, frijol, crema, queso y lechuga.",pan_relleno,false,medio,medio,Es una preparación muy reconocible de Puebla y ayuda a entender la cocina del centro.,Conviene comerlo recién hecho para aprovechar textura y temperatura. Vale la pena confirmar toppings y salsas para ajustarlo a tu apetito y tolerancia al picante.,true
PL038,bocol,antojito,antojito_huasteco,San Luis Potosí,Huasteca,"Gordita gruesa de maíz rellena o abierta, cocida en comal y servida con salsas o guisos.",cerrado_con_relleno,false,medio,medio,Es una preparación muy reconocible de San Luis Potosí y ayuda a entender la cocina del huasteca.,Conviene comerlo recién hecho para aprovechar textura y temperatura.,true
PL039,empanada de jaiba,antojito,empanada_costera,Tamaulipas,Golfo,"Empanada rellena de jaiba sazonada con jitomate, cebolla y chile.",cerrado_con_relleno,false,medio,medio,Es una preparación muy reconocible de Tamaulipas y ayuda a entender la cocina del golfo.,Conviene comerlo recién hecho para aprovechar textura y temperatura.,true
PL040,empanada de camarón,antojito,empanada_costera,Sinaloa,Noroeste,Empanada de maíz o harina rellena de camarón guisado y cocida hasta quedar dorada.,cerrado_con_relleno,false,medio,medio,Es una preparación muy reconocible de Sinaloa y refleja la lógica costera de la cocina del noroeste.,Conviene comerlo recién hecho para aprovechar textura y temperatura. Mejor en un lugar con buena rotación y cadena de frío.,true
PL041,pescadillas,antojito,antojito_costero,Baja California,Noroeste,"Tacos o empanadas dobladas de pescado sazonado, fritos o dorados al comal.",antojito_frito,false,medio,medio,Es una preparación muy reconocible de Baja California y refleja la lógica costera de la cocina del noroeste.,Conviene comerlo recién hecho para aprovechar textura y temperatura. Mejor en un lugar con buena rotación y cadena de frío.,true
PL042,enfrijoladas veracruzanas,desayuno,desayuno_tortilla,Veracruz,Golfo,"Tortillas bañadas en salsa de frijol y rellenas con queso, huevo o pollo.",tortilla_rellena,false,bajo,medio,Es una preparación muy reconocible de Veracruz y ayuda a entender la cocina del golfo.,"Vale la pena pedirlo temprano, cuando la textura y las guarniciones suelen estar en su mejor punto. Vale la pena confirmar toppings y salsas para ajustarlo a tu apetito y tolerancia al picante.",true
PL043,enmoladas,antojito,antojito_salsa,Oaxaca,Sur,"Tortillas rellenas o dobladas cubiertas con mole y rematadas con queso, crema o pollo.",tortilla_rellena,false,medio,medio,Es una preparación muy reconocible de Oaxaca y ayuda a entender la cocina del sur.,Conviene comerlo recién hecho para aprovechar textura y temperatura. Vale la pena confirmar toppings y salsas para ajustarlo a tu apetito y tolerancia al picante.,true
PL044,entomatadas queretanas,desayuno,desayuno_tortilla,Querétaro,Bajío,"Tortillas bañadas en salsa de jitomate y servidas con queso, crema, cebolla o pollo.",tortilla_rellena,false,bajo,medio,Es una preparación muy reconocible de Querétaro y ayuda a entender la cocina del bajío.,"Vale la pena pedirlo temprano, cuando la textura y las guarniciones suelen estar en su mejor punto. Vale la pena confirmar toppings y salsas para ajustarlo a tu apetito y tolerancia al picante.",true
PL045,corundas,antojito,tamal_regional,Michoacán,Occidente,"Tamales triangulares de masa de maíz servidos con crema, salsa y queso o con guiso aparte.",cerrado_con_relleno,false,medio,medio,Es una preparación muy reconocible de Michoacán y ayuda a entender la cocina del occidente.,Conviene comerlo recién hecho para aprovechar textura y temperatura.,true
PL046,uchepos,antojito,tamal_regional,Michoacán,Occidente,"Tamales tiernos de elote fresco, a veces servidos con crema, salsa y queso.",cerrado_con_relleno,false,bajo,medio,Es una preparación muy reconocible de Michoacán y ayuda a entender la cocina del occidente.,Conviene comerlo recién hecho para aprovechar textura y temperatura.,true
PL047,zacahuil,antojito,tamal_regional,San Luis Potosí,Huasteca,"Tamal de gran tamaño preparado para fiestas y reuniones, cocido por horas en horno o fogón.",cerrado_con_relleno,false,medio,alto,Es una preparación muy reconocible de San Luis Potosí y ayuda a entender la cocina del huasteca.,"Conviene comerlo recién hecho para aprovechar textura y temperatura. Si no estás acostumbrado a comida pesada, empieza con una porción moderada o compártelo.",true
PL048,tamal canario,pan/antojito dulce,antojito_dulce_regional,Guerrero,Centro-Sur,"Tamal dulce y esponjoso hecho con harina, azúcar y notas de vainilla o pasas.",postre,false,bajo,bajo,"Es una pieza de pan o antojito dulce ligada a hornos, panaderías y celebraciones de Guerrero.","Lo mejor es buscarlo fresco, de panadería o mercado con buena rotación.",true
PL049,vaporcitos yucatecos,antojito,tamal_regional,Yucatán,Península de Yucatán,Tamales suaves cocidos al vapor y servidos con salsa de tomate y cebolla morada.,cerrado_con_relleno,false,medio,medio,Es una preparación muy reconocible de Yucatán y ayuda a entender la cocina del península de yucatán.,Conviene comerlo recién hecho para aprovechar textura y temperatura.,true
PL050,esquites,botana,maiz_callejero,Estado de México,Centro,"Granos de elote cocidos con epazote, mayonesa, queso, limón y chile al gusto.",abierto_con_toppings,false,medio,medio,Es una botana representativa de Estado de México y muestra cómo la calle y la reunión informal también definen la cocina del centro.,Rinde mejor si se pide recién armado y se comparte mientras pruebas otras cosas. Vale la pena confirmar toppings y salsas para ajustarlo a tu apetito y tolerancia al picante.,true
PL051,elote preparado,botana,maiz_callejero,Ciudad de México,Centro,"Elote cocido servido con mayonesa, queso rallado, limón y chile en polvo.",abierto_con_toppings,false,medio,medio,Es una botana representativa de Ciudad de México y muestra cómo la calle y la reunión informal también definen la cocina del centro.,Rinde mejor si se pide recién armado y se comparte mientras pruebas otras cosas. Vale la pena confirmar toppings y salsas para ajustarlo a tu apetito y tolerancia al picante.,true
PL052,marquesita,pan/antojito dulce,antojito_dulce_regional,Yucatán,Península de Yucatán,Barquillo crujiente enrollado y relleno con queso de bola y dulces o cremas.,postre,false,bajo,bajo,"Es una pieza de pan o antojito dulce ligada a hornos, panaderías y celebraciones de Yucatán.","Lo mejor es buscarlo fresco, de panadería o mercado con buena rotación.",true
PL053,queso fundido,botana,botana_lactea,Chihuahua,Norte,"Queso caliente y derretido servido con chorizo, rajas o champiñones y acompañado con tortillas.",abierto_con_toppings,false,bajo,medio,Es una botana representativa de Chihuahua y muestra cómo la calle y la reunión informal también definen la cocina del norte.,Rinde mejor si se pide recién armado y se comparte mientras pruebas otras cosas. Vale la pena confirmar toppings y salsas para ajustarlo a tu apetito y tolerancia al picante.,true
PL054,frijoles puercos,botana,botana_norteña,Sinaloa,Noroeste,"Puré de frijol frito con chorizo, queso y chile, común en reuniones y parrilladas.",guiso,false,medio,alto,Es una botana representativa de Sinaloa y muestra cómo la calle y la reunión informal también definen la cocina del noroeste.,"Rinde mejor si se pide recién armado y se comparte mientras pruebas otras cosas. Si no estás acostumbrado a comida pesada, empieza con una porción moderada o compártelo.",true
PL055,totopos con guacamole,botana,botana_maiz,Ciudad de México,Centro,"Totopos crujientes acompañados con guacamole fresco, salsa y limón.",abierto_con_toppings,false,bajo,medio,Es una botana representativa de Ciudad de México y muestra cómo la calle y la reunión informal también definen la cocina del centro.,Rinde mejor si se pide recién armado y se comparte mientras pruebas otras cosas. Vale la pena confirmar toppings y salsas para ajustarlo a tu apetito y tolerancia al picante.,true
PL056,sikil pak,botana,botana_yucateca,Yucatán,Península de Yucatán,"Dip espeso de pepita molida, jitomate y cítricos servido con totopos o crudités.",abierto_con_toppings,false,bajo,medio,Es una botana representativa de Yucatán y muestra cómo la calle y la reunión informal también definen la cocina del península de yucatán.,Rinde mejor si se pide recién armado y se comparte mientras pruebas otras cosas. Vale la pena confirmar toppings y salsas para ajustarlo a tu apetito y tolerancia al picante.,true
PL057,coctel de camarón,botana,botana_marisquera,Veracruz,Golfo,"Copa fría con camarón cocido, jitomate, cebolla, cilantro, aguacate y salsa coctelera.",abierto_con_toppings,false,medio,medio,Es una botana representativa de Veracruz y muestra cómo la calle y la reunión informal también definen la cocina del golfo.,Rinde mejor si se pide recién armado y se comparte mientras pruebas otras cosas. Mejor en un lugar con buena rotación y cadena de frío. Vale la pena confirmar toppings y salsas para ajustarlo a tu apetito y tolerancia al picante.,true
PL058,coctel campechano,botana,botana_marisquera,Veracruz,Golfo,"Coctel de mariscos mixtos servido frío con salsa de jitomate, limón y aguacate.",abierto_con_toppings,false,medio,medio,Es una botana representativa de Veracruz y muestra cómo la calle y la reunión informal también definen la cocina del golfo.,Rinde mejor si se pide recién armado y se comparte mientras pruebas otras cosas. Mejor en un lugar con buena rotación y cadena de frío. Vale la pena confirmar toppings y salsas para ajustarlo a tu apetito y tolerancia al picante.,true
PL059,escamoles,botana,botana_de_temporada,Hidalgo,Centro,"Larvas de hormiga cocinadas con mantequilla o epazote, servidas como bocado estacional de alto valor culinario.",guiso,false,bajo,medio,Es una preparación muy ligada al calendario festivo de Hidalgo y ayuda a entender la cocina ceremonial del centro.,Rinde mejor si se pide recién armado y se comparte mientras pruebas otras cosas.,true
PL060,gusanos de maguey,botana,botana_de_temporada,Hidalgo,Centro,"Insectos del maguey asados o fritos, servidos con tortillas y salsas como botana regional.",guiso,false,alto,medio,Es una preparación muy ligada al calendario festivo de Hidalgo y ayuda a entender la cocina ceremonial del centro.,"Rinde mejor si se pide recién armado y se comparte mientras pruebas otras cosas. Si quieres medir el picante, pide chile o salsa por separado antes de cargarlo completo.",true
PL061,charales fritos,botana,botana_lacustre,Michoacán,Occidente,"Pequeños peces fritos y sazonados, comunes como botana alrededor de lagos del occidente.",antojito_frito,false,medio,medio,Es una botana representativa de Michoacán y muestra cómo la calle y la reunión informal también definen la cocina del occidente.,Rinde mejor si se pide recién armado y se comparte mientras pruebas otras cosas.,true
PL062,cueritos en vinagre,botana,botana_encurtida,Jalisco,Occidente,"Tiras de piel de cerdo curtidas en vinagre y servidas con chile, verduras y limón.",abierto_con_toppings,false,medio,medio,Es una botana representativa de Jalisco y muestra cómo la calle y la reunión informal también definen la cocina del occidente.,Rinde mejor si se pide recién armado y se comparte mientras pruebas otras cosas. Vale la pena confirmar toppings y salsas para ajustarlo a tu apetito y tolerancia al picante.,true
PL063,caldo de oso,botana,botana_nayarita,Nayarit,Pacífico,"Preparación fresca de pescado marinado con jitomate, cebolla, chile y limón a medio camino entre ceviche y botana.",abierto_con_toppings,false,medio,medio,Es una botana representativa de Nayarit y muestra cómo la calle y la reunión informal también definen la cocina del pacífico.,Rinde mejor si se pide recién armado y se comparte mientras pruebas otras cosas. Mejor en un lugar con buena rotación y cadena de frío. Vale la pena confirmar toppings y salsas para ajustarlo a tu apetito y tolerancia al picante.,true
PL064,mole poblano,platillo fuerte,mole,Puebla,Centro,"Salsa espesa de chiles, semillas, especias y cacao que suele servirse con pollo o guajolote.",guiso,false,medio,medio,Es una preparación muy reconocible de Puebla y ayuda a entender la cocina del centro.,Conviene pedirlo como plato principal y revisar qué guarnición local ofrece la cocina.,true
PL065,mole negro,platillo fuerte,mole,Oaxaca,Sur,"Mole oscuro y profundo elaborado con chiles tostados, especias, semillas y cacao.",guiso,false,medio,medio,Es una preparación muy reconocible de Oaxaca y ayuda a entender la cocina del sur.,Conviene pedirlo como plato principal y revisar qué guarnición local ofrece la cocina.,true
PL066,mole coloradito,platillo fuerte,mole,Oaxaca,Sur,"Mole rojo oaxaqueño de sabor redondo y ligeramente dulce, normalmente servido con pollo.",guiso,false,medio,medio,Es una preparación muy reconocible de Oaxaca y ayuda a entender la cocina del sur.,Conviene pedirlo como plato principal y revisar qué guarnición local ofrece la cocina.,true
PL067,mole amarillo,platillo fuerte,mole,Oaxaca,Sur,"Guiso espesado con masa y chiles amarillos o chilhuacles, muy ligado a las cocinas de fiesta oaxaqueñas.",guiso,false,medio,medio,Es una preparación muy reconocible de Oaxaca y ayuda a entender la cocina del sur.,Conviene pedirlo como plato principal y revisar qué guarnición local ofrece la cocina.,true
PL068,manchamanteles,platillo fuerte,mole,Puebla,Centro,Mole afrutado con carne y frutas que deja color intenso y un perfil entre dulce y picante.,guiso,false,medio,medio,Es una preparación muy reconocible de Puebla y ayuda a entender la cocina del centro.,Conviene pedirlo como plato principal y revisar qué guarnición local ofrece la cocina.,true
PL069,pipián verde,platillo fuerte,mole,Puebla,Centro,"Salsa de pepita molida, chile y hierbas verdes que acompaña aves, cerdo o vegetales.",guiso,false,medio,medio,Es una preparación muy reconocible de Puebla y ayuda a entender la cocina del centro.,Conviene pedirlo como plato principal y revisar qué guarnición local ofrece la cocina.,true
PL070,pipián rojo,platillo fuerte,mole,Oaxaca,Sur,Pipián de semillas y chile seco que suele servirse con pollo o cerdo.,guiso,false,medio,medio,Es una preparación muy reconocible de Oaxaca y ayuda a entender la cocina del sur.,Conviene pedirlo como plato principal y revisar qué guarnición local ofrece la cocina.,true
PL071,chiles en nogada,platillo fuerte,chile_relleno,Puebla,Centro,Chile poblano relleno de picadillo frutal cubierto con nogada y granada.,cerrado_con_relleno,false,bajo,medio,Es una preparación muy reconocible de Puebla y ayuda a entender la cocina del centro.,Conviene pedirlo como plato principal y revisar qué guarnición local ofrece la cocina.,true
PL072,chile relleno,platillo fuerte,chile_relleno,Puebla,Centro,"Chile poblano relleno y capeado, servido con caldillo de jitomate.",cerrado_con_relleno,false,bajo,medio,Es una preparación muy reconocible de Puebla y ayuda a entender la cocina del centro.,Conviene pedirlo como plato principal y revisar qué guarnición local ofrece la cocina.,true
PL073,cochinita pibil,platillo fuerte,guiso_yucateco,Yucatán,Península de Yucatán,"Cerdo marinado con achiote y cítricos, cocido lentamente hasta quedar suave y deshebrable.",guiso,false,medio,medio,Es una preparación muy reconocible de Yucatán y ayuda a entender la cocina del península de yucatán.,Conviene pedirlo como plato principal y revisar qué guarnición local ofrece la cocina.,true
PL074,poc chuc,platillo fuerte,guiso_yucateco,Yucatán,Península de Yucatán,"Carne de cerdo asada y marinada con cítricos, servida con cebolla morada y frijol.",guiso,false,medio,medio,Es una preparación muy reconocible de Yucatán y ayuda a entender la cocina del península de yucatán.,Conviene pedirlo como plato principal y revisar qué guarnición local ofrece la cocina.,true
PL075,lechón al horno,platillo fuerte,guiso_yucateco,Yucatán,Península de Yucatán,"Cerdo horneado de sabor intenso, muy común en fines de semana y celebraciones familiares.",guiso,false,medio,alto,Es una preparación muy reconocible de Yucatán y ayuda a entender la cocina del península de yucatán.,"Conviene pedirlo como plato principal y revisar qué guarnición local ofrece la cocina. Si no estás acostumbrado a comida pesada, empieza con una porción moderada o compártelo.",true
PL076,relleno negro,platillo fuerte,guiso_yucateco,Yucatán,Península de Yucatán,"Guiso oscuro y especiado preparado con recado negro, carne y a veces huevo cocido.",guiso,false,medio,medio,Es una preparación muy reconocible de Yucatán y ayuda a entender la cocina del península de yucatán.,Conviene pedirlo como plato principal y revisar qué guarnición local ofrece la cocina.,true
PL077,queso relleno,platillo fuerte,guiso_yucateco,Yucatán,Península de Yucatán,"Queso de bola vaciado y relleno con picadillo, servido con salsas blancas y de jitomate.",cerrado_con_relleno,false,medio,medio,Es una preparación muy reconocible de Yucatán y ayuda a entender la cocina del península de yucatán.,Conviene pedirlo como plato principal y revisar qué guarnición local ofrece la cocina.,true
PL078,papadzules,platillo fuerte,guiso_yucateco,Yucatán,Península de Yucatán,Tortillas rellenas de huevo bañadas en salsa de pepita y jitomate.,tortilla_rellena,false,bajo,medio,Es una preparación muy reconocible de Yucatán y ayuda a entender la cocina del península de yucatán.,Conviene pedirlo como plato principal y revisar qué guarnición local ofrece la cocina. Vale la pena confirmar toppings y salsas para ajustarlo a tu apetito y tolerancia al picante.,true
PL079,pescado a la veracruzana,platillo fuerte,marisco_costero,Veracruz,Golfo,"Filete de pescado cocinado con jitomate, aceitunas, alcaparras y hierbas.",guiso,false,bajo,bajo,Es una preparación muy reconocible de Veracruz y refleja la lógica costera de la cocina del golfo.,Conviene pedirlo como plato principal y revisar qué guarnición local ofrece la cocina. Mejor en un lugar con buena rotación y cadena de frío.,true
PL080,pescado zarandeado,platillo fuerte,marisco_costero,Nayarit,Pacífico,"Pescado abierto y asado a las brasas con adobo rojo o negro, típico de la costa del Pacífico.",guiso,false,medio,bajo,Es una preparación muy reconocible de Nayarit y refleja la lógica costera de la cocina del pacífico.,Conviene pedirlo como plato principal y revisar qué guarnición local ofrece la cocina. Mejor en un lugar con buena rotación y cadena de frío.,true
PL081,camarones a la diabla,platillo fuerte,marisco_costero,Sinaloa,Noroeste,Camarones salteados en salsa roja picante y servidos con arroz o tortillas.,guiso,false,alto,medio,Es una preparación muy reconocible de Sinaloa y refleja la lógica costera de la cocina del noroeste.,"Conviene pedirlo como plato principal y revisar qué guarnición local ofrece la cocina. Mejor en un lugar con buena rotación y cadena de frío. Si quieres medir el picante, pide chile o salsa por separado antes de cargarlo completo.",true
PL082,camarones al mojo de ajo,platillo fuerte,marisco_costero,Baja California,Noroeste,"Camarones salteados con ajo y mantequilla, frecuentes en cocinas costeras del noroeste.",guiso,false,bajo,bajo,Es una preparación muy reconocible de Baja California y refleja la lógica costera de la cocina del noroeste.,Conviene pedirlo como plato principal y revisar qué guarnición local ofrece la cocina. Mejor en un lugar con buena rotación y cadena de frío.,true
PL083,aguachile,platillo fuerte,marisco_costero,Sinaloa,Noroeste,"Camarón curtido en limón con chile fresco, pepino y cebolla morada.",abierto_con_toppings,false,alto,medio,Es una preparación muy reconocible de Sinaloa y refleja la lógica costera de la cocina del noroeste.,"Conviene pedirlo como plato principal y revisar qué guarnición local ofrece la cocina. Mejor en un lugar con buena rotación y cadena de frío. Si quieres medir el picante, pide chile o salsa por separado antes de cargarlo completo.",true
PL084,ceviche de pescado,platillo fuerte,marisco_costero,Baja California,Noroeste,"Pescado fresco curado con cítricos y mezclado con jitomate, cebolla, cilantro y chile.",abierto_con_toppings,false,medio,bajo,Es una preparación muy reconocible de Baja California y refleja la lógica costera de la cocina del noroeste.,Conviene pedirlo como plato principal y revisar qué guarnición local ofrece la cocina. Mejor en un lugar con buena rotación y cadena de frío. Vale la pena confirmar toppings y salsas para ajustarlo a tu apetito y tolerancia al picante.,true
PL085,ceviche de camarón,platillo fuerte,marisco_costero,Sinaloa,Noroeste,"Camarón cocido o curtido mezclado con vegetales frescos y cítricos, servido frío.",abierto_con_toppings,false,medio,bajo,Es una preparación muy reconocible de Sinaloa y refleja la lógica costera de la cocina del noroeste.,Conviene pedirlo como plato principal y revisar qué guarnición local ofrece la cocina. Mejor en un lugar con buena rotación y cadena de frío. Vale la pena confirmar toppings y salsas para ajustarlo a tu apetito y tolerancia al picante.,true
PL086,carnitas,platillo fuerte,guiso_regional,Michoacán,Occidente,Cerdo cocido lentamente en su propia grasa hasta quedar jugoso y dorado.,guiso,false,medio,alto,Es una preparación muy reconocible de Michoacán y ayuda a entender la cocina del occidente.,"Conviene pedirlo como plato principal y revisar qué guarnición local ofrece la cocina. Si no estás acostumbrado a comida pesada, empieza con una porción moderada o compártelo.",true
PL087,barbacoa,platillo fuerte,guiso_regional,Hidalgo,Centro,"Carne cocida lentamente hasta quedar muy suave, servida con tortillas, salsa y consomé.",guiso,false,medio,medio,Es una preparación muy reconocible de Hidalgo y ayuda a entender la cocina del centro.,Conviene pedirlo como plato principal y revisar qué guarnición local ofrece la cocina.,true
PL088,discada,platillo fuerte,guiso_norteño,Coahuila,Norte,"Mezcla norteña de carnes, embutidos, verduras y chiles cocinada en disco de arado.",guiso,false,medio,alto,Es una preparación muy reconocible de Coahuila y ayuda a entender la cocina del norte.,"Conviene pedirlo como plato principal y revisar qué guarnición local ofrece la cocina. Si no estás acostumbrado a comida pesada, empieza con una porción moderada o compártelo.",true
PL089,cabrito al pastor,platillo fuerte,guiso_norteño,Nuevo León,Norte,"Cabrito asado lentamente, emblema gastronómico regio y de celebraciones familiares.",guiso,false,medio,medio,Es una preparación muy reconocible de Nuevo León y ayuda a entender la cocina del norte.,Conviene pedirlo como plato principal y revisar qué guarnición local ofrece la cocina.,true
PL090,asado de boda,platillo fuerte,guiso_regional,Zacatecas,Bajío,Guiso festivo de cerdo en salsa de chiles secos y chocolate o piloncillo.,guiso,false,medio,alto,Es una preparación muy ligada al calendario festivo de Zacatecas y ayuda a entender la cocina ceremonial del bajío.,"Conviene pedirlo como plato principal y revisar qué guarnición local ofrece la cocina. Si puedes, pruébalo en temporada, cuando suele prepararse con más cuidado y mejor contexto cultural. Si no estás acostumbrado a comida pesada, empieza con una porción moderada o compártelo.",true
PL091,asado de puerco,platillo fuerte,guiso_norteño,Nuevo León,Norte,"Cerdo guisado en salsa roja espesa, muy común en casas y fondas del norte.",guiso,false,medio,medio,Es una preparación muy reconocible de Nuevo León y ayuda a entender la cocina del norte.,Conviene pedirlo como plato principal y revisar qué guarnición local ofrece la cocina.,true
PL092,chilorio,platillo fuerte,guiso_norteño,Sinaloa,Noroeste,"Carne de cerdo deshebrada y frita con chiles y especias, útil para tacos, tortas y burritos.",guiso,false,medio,medio,Es una preparación muy reconocible de Sinaloa y ayuda a entender la cocina del noroeste.,Conviene pedirlo como plato principal y revisar qué guarnición local ofrece la cocina.,true
PL093,carne en su jugo,platillo fuerte,guiso_regional,Jalisco,Occidente,"Tiras de res cocidas en caldo corto con frijoles, tocino y cebolla.",caldo,false,medio,medio,Es una preparación muy reconocible de Jalisco y ayuda a entender la cocina del occidente.,Conviene pedirlo como plato principal y revisar qué guarnición local ofrece la cocina.,true
PL094,tinga de pollo,platillo fuerte,guiso_regional,Puebla,Centro,"Pollo deshebrado guisado con jitomate, cebolla y chipotle.",guiso,false,medio,medio,Es una preparación muy reconocible de Puebla y ayuda a entender la cocina del centro.,Conviene pedirlo como plato principal y revisar qué guarnición local ofrece la cocina.,true
PL095,arroz a la tumbada,platillo fuerte,marisco_costero,Veracruz,Golfo,Arroz húmedo y marinero cocinado con caldo y mezcla de pescados o mariscos.,guiso,false,medio,medio,Es una preparación muy reconocible de Veracruz y refleja la lógica costera de la cocina del golfo.,Conviene pedirlo como plato principal y revisar qué guarnición local ofrece la cocina. Mejor en un lugar con buena rotación y cadena de frío.,true
PL096,mixiote,platillo fuerte,guiso_regional,Hidalgo,Centro,"Carne adobada envuelta y cocida al vapor, normalmente servida con nopales y tortillas.",guiso,false,medio,medio,Es una preparación muy reconocible de Hidalgo y ayuda a entender la cocina del centro.,Conviene pedirlo como plato principal y revisar qué guarnición local ofrece la cocina.,true
PL097,mole de olla,sopa/caldo,caldo_tradicional,Estado de México,Centro-Sur,"Caldo de res con verduras, elote y chile, muy ligado a comidas caseras.",caldo,false,medio,medio,"Es un caldo muy representativo de Estado de México y muestra la importancia de los fondos, recados y guarniciones en la cocina del centro-sur.",Suele funcionar bien como plato principal o como entrada abundante si el resto de la comida será ligera.,true
PL098,morisqueta,platillo fuerte,guiso_regional,Michoacán,Occidente,"Plato de arroz blanco con frijoles y salsa, que puede llevar queso, carne o crema encima.",abierto_con_toppings,false,bajo,medio,Es una preparación muy reconocible de Michoacán y ayuda a entender la cocina del occidente.,Conviene pedirlo como plato principal y revisar qué guarnición local ofrece la cocina. Vale la pena confirmar toppings y salsas para ajustarlo a tu apetito y tolerancia al picante.,true
PL099,calabacitas con elote,platillo fuerte,guiso_vegetal,Puebla,Centro,"Guiso casero de calabaza, elote, jitomate y a veces queso fresco.",guiso,false,bajo,bajo,Es una preparación muy reconocible de Puebla y ayuda a entender la cocina del centro.,Conviene pedirlo como plato principal y revisar qué guarnición local ofrece la cocina.,true
PL100,nopales en penca,platillo fuerte,guiso_vegetal,Hidalgo,Centro,Nopales cocidos o asados en penca de maguey con salsa y queso o acompañamientos.,guiso,false,medio,bajo,Es una preparación muy reconocible de Hidalgo y ayuda a entender la cocina del centro.,Conviene pedirlo como plato principal y revisar qué guarnición local ofrece la cocina.,true
PL101,machaca norteña,platillo fuerte,guiso_norteño,Sonora,Norte,"Carne seca deshebrada rehidratada y guisada con jitomate, cebolla y chile.",guiso,false,medio,medio,Es una preparación muy reconocible de Sonora y ayuda a entender la cocina del norte.,Conviene pedirlo como plato principal y revisar qué guarnición local ofrece la cocina.,true
PL102,carne asada sonorense,platillo fuerte,guiso_norteño,Sonora,Norte,"Cortes de res asados al carbón, servidos con tortillas, salsa y cebollitas.",guiso,false,bajo,medio,Es una preparación muy reconocible de Sonora y ayuda a entender la cocina del norte.,Conviene pedirlo como plato principal y revisar qué guarnición local ofrece la cocina.,true
PL103,longaniza en salsa verde,platillo fuerte,guiso_regional,Estado de México,Centro,"Longaniza guisada con tomate verde, chile y papa, habitual en fondas del valle de Toluca.",guiso,false,medio,medio,Es una preparación muy reconocible de Estado de México y ayuda a entender la cocina del centro.,Conviene pedirlo como plato principal y revisar qué guarnición local ofrece la cocina.,true
PL104,chileajo,platillo fuerte,guiso_oaxaqueño,Oaxaca,Sur,"Guiso de carne sazonado con ajo, chile y especias, propio de los valles y mixtecas oaxaqueñas.",guiso,false,medio,medio,Es una preparación muy reconocible de Oaxaca y ayuda a entender la cocina del sur.,Conviene pedirlo como plato principal y revisar qué guarnición local ofrece la cocina.,true
PL105,fritada queretana,platillo fuerte,guiso_regional,Querétaro,Bajío,Guiso de vísceras y carnes de cabra o cerdo cocinado con especias y caldo.,guiso,false,medio,alto,Es una preparación muy reconocible de Querétaro y ayuda a entender la cocina del bajío.,"Conviene pedirlo como plato principal y revisar qué guarnición local ofrece la cocina. Si no estás acostumbrado a comida pesada, empieza con una porción moderada o compártelo.",true
PL106,alambre,platillo fuerte,guiso_urbano,Ciudad de México,Centro,"Mezcla a la plancha de carne, tocino, pimiento, cebolla y queso, servida con tortillas.",guiso,false,medio,alto,Es una preparación muy reconocible de Ciudad de México y ayuda a entender la cocina del centro.,"Conviene pedirlo como plato principal y revisar qué guarnición local ofrece la cocina. Si no estás acostumbrado a comida pesada, empieza con una porción moderada o compártelo.",true
PL107,pollo encacahuatado,platillo fuerte,guiso_regional,Puebla,Centro,"Pollo cocido en salsa de cacahuate y chile, de sabor suave y textura cremosa.",guiso,false,medio,medio,Es una preparación muy reconocible de Puebla y ayuda a entender la cocina del centro.,Conviene pedirlo como plato principal y revisar qué guarnición local ofrece la cocina.,true
PL108,mole de cadera,platillo fuerte,guiso_regional,Puebla,Centro,"Mole estacional de chivo con chiles y ejotes, muy ligado a Tehuacán y la matanza tradicional.",guiso,false,medio,medio,Es una preparación muy reconocible de Puebla y ayuda a entender la cocina del centro.,Conviene pedirlo como plato principal y revisar qué guarnición local ofrece la cocina.,true
PL109,tasajo oaxaqueño,platillo fuerte,guiso_oaxaqueño,Oaxaca,Sur,"Carne de res delgada y salada, asada al comal o carbón y servida con tortillas y salsa.",guiso,false,bajo,medio,Es una preparación muy reconocible de Oaxaca y ayuda a entender la cocina del sur.,Conviene pedirlo como plato principal y revisar qué guarnición local ofrece la cocina.,true
PL110,cecina de Yecapixtla,platillo fuerte,guiso_regional,Morelos,Centro,"Cecina delgada, salada y asada, famosa por su textura suave y acompañamiento con crema o queso.",guiso,false,bajo,medio,Es una preparación muy reconocible de Morelos y ayuda a entender la cocina del centro.,Conviene pedirlo como plato principal y revisar qué guarnición local ofrece la cocina.,true
PL111,cecina estilo Toluca,platillo fuerte,guiso_regional,Estado de México,Centro,"Carne curada y delgada del valle de Toluca, servida asada con enchiladas, papas o nopales.",guiso,false,bajo,medio,Es una preparación muy reconocible de Estado de México y ayuda a entender la cocina del centro.,Conviene pedirlo como plato principal y revisar qué guarnición local ofrece la cocina.,true
PL112,machitos,platillo fuerte,guiso_norteño,Coahuila,Norte,Preparación norteña de tripas y vísceras enrolladas y cocinadas hasta dorar.,guiso,false,medio,alto,Es una preparación muy reconocible de Coahuila y ayuda a entender la cocina del norte.,"Conviene pedirlo como plato principal y revisar qué guarnición local ofrece la cocina. Si no estás acostumbrado a comida pesada, empieza con una porción moderada o compártelo.",true
PL113,sopa tarasca,sopa/caldo,caldo_tradicional,Michoacán,Occidente,"Sopa cremosa de frijol con tiras de tortilla, jitomate y chile pasilla.",caldo,false,bajo,medio,"Es un caldo muy representativo de Michoacán y muestra la importancia de los fondos, recados y guarniciones en la cocina del occidente.",Suele funcionar bien como plato principal o como entrada abundante si el resto de la comida será ligera.,true
PL114,sopa de lima,sopa/caldo,caldo_tradicional,Yucatán,Península de Yucatán,Caldo ligero de pollo y lima servido con tiritas de tortilla frita.,caldo,false,bajo,bajo,"Es un caldo muy representativo de Yucatán y muestra la importancia de los fondos, recados y guarniciones en la cocina del península de yucatán.",Suele funcionar bien como plato principal o como entrada abundante si el resto de la comida será ligera.,true
PL115,sopa de tortilla,sopa/caldo,caldo_tradicional,Ciudad de México,Centro,"Caldo de jitomate y chile pasilla con tiras de tortilla, aguacate, crema y queso.",caldo,false,medio,medio,"Es un caldo muy representativo de Ciudad de México y muestra la importancia de los fondos, recados y guarniciones en la cocina del centro.",Suele funcionar bien como plato principal o como entrada abundante si el resto de la comida será ligera.,true
PL116,caldo tlalpeño,sopa/caldo,caldo_tradicional,Ciudad de México,Centro-Sur,"Caldo de pollo con garbanzo, zanahoria, chipotle y queso o aguacate al servir.",caldo,false,medio,medio,"Es un caldo muy representativo de Ciudad de México y muestra la importancia de los fondos, recados y guarniciones en la cocina del centro-sur.",Suele funcionar bien como plato principal o como entrada abundante si el resto de la comida será ligera.,true
PL117,caldo de camarón,sopa/caldo,caldo_costero,Sinaloa,Noroeste,Caldo rojo de camarón seco o fresco con verduras y chile.,caldo,false,medio,bajo,"Es un caldo muy representativo de Sinaloa y muestra la importancia de los fondos, recados y guarniciones en la cocina del noroeste.",Suele funcionar bien como plato principal o como entrada abundante si el resto de la comida será ligera. Mejor en un lugar con buena rotación y cadena de frío.,true
PL118,chilpachole,sopa/caldo,caldo_costero,Veracruz,Golfo,"Caldo espeso de marisco o jaiba con masa, jitomate y chile, muy arraigado en la costa veracruzana.",caldo,false,medio,medio,"Es un caldo muy representativo de Veracruz y muestra la importancia de los fondos, recados y guarniciones en la cocina del golfo.",Suele funcionar bien como plato principal o como entrada abundante si el resto de la comida será ligera. Mejor en un lugar con buena rotación y cadena de frío.,true
PL119,caldo de piedra,sopa/caldo,caldo_regional,Oaxaca,Sur,Preparación comunitaria de pescado y hierbas cocida con piedras calientes.,caldo,false,bajo,bajo,"Es un caldo muy representativo de Oaxaca y muestra la importancia de los fondos, recados y guarniciones en la cocina del sur.",Suele funcionar bien como plato principal o como entrada abundante si el resto de la comida será ligera. Mejor en un lugar con buena rotación y cadena de frío.,true
PL120,caldo de siete mares,sopa/caldo,caldo_costero,Baja California Sur,Noroeste,"Caldo abundante con mezcla de pescados y mariscos, muy común en restauración costera.",caldo,false,medio,medio,"Es un caldo muy representativo de Baja California Sur y muestra la importancia de los fondos, recados y guarniciones en la cocina del noroeste.",Suele funcionar bien como plato principal o como entrada abundante si el resto de la comida será ligera. Mejor en un lugar con buena rotación y cadena de frío.,true
PL121,consomé de barbacoa,sopa/caldo,caldo_regional,Hidalgo,Centro,"Caldo ligero y sustancioso derivado de la cocción de la barbacoa, con arroz o garbanzo.",caldo,false,medio,medio,"Es un caldo muy representativo de Hidalgo y muestra la importancia de los fondos, recados y guarniciones en la cocina del centro.",Suele funcionar bien como plato principal o como entrada abundante si el resto de la comida será ligera.,true
PL122,mondongo tabasqueño,sopa/caldo,caldo_regional,Tabasco,Sur,"Sopa espesa de panza con verduras, especias y chile, muy ligada a celebraciones familiares.",caldo,false,medio,alto,"Es un caldo muy representativo de Tabasco y muestra la importancia de los fondos, recados y guarniciones en la cocina del sur.","Suele funcionar bien como plato principal o como entrada abundante si el resto de la comida será ligera. Si no estás acostumbrado a comida pesada, empieza con una porción moderada o compártelo.",true
PL123,caldo xóchitl,sopa/caldo,caldo_tradicional,Ciudad de México,Centro,"Caldo claro con pollo, verduras finas y toques frescos de hierbas o limón.",caldo,false,bajo,bajo,"Es un caldo muy representativo de Ciudad de México y muestra la importancia de los fondos, recados y guarniciones en la cocina del centro.",Suele funcionar bien como plato principal o como entrada abundante si el resto de la comida será ligera.,true
PL124,sopa de habas,sopa/caldo,caldo_tradicional,Tlaxcala,Centro,Sopa espesa de habas secas con hierbas y a veces nopales o queso.,caldo,false,bajo,medio,"Es un caldo muy representativo de Tlaxcala y muestra la importancia de los fondos, recados y guarniciones en la cocina del centro.",Suele funcionar bien como plato principal o como entrada abundante si el resto de la comida será ligera.,true
PL125,frijol con veneno,sopa/caldo,caldo_regional,Durango,Norte,"Frijoles caldosos reforzados con carne de cerdo o chorizo, plato norteño de gran energía.",caldo,false,medio,alto,"Es un caldo muy representativo de Durango y muestra la importancia de los fondos, recados y guarniciones en la cocina del norte.","Suele funcionar bien como plato principal o como entrada abundante si el resto de la comida será ligera. Si no estás acostumbrado a comida pesada, empieza con una porción moderada o compártelo.",true
PL126,chileatole,sopa/caldo,caldo_tradicional,Puebla,Centro,"Sopa espesa de maíz, chile, epazote y verduras o carne, servida muy caliente.",caldo,false,medio,medio,"Es un caldo muy representativo de Puebla y muestra la importancia de los fondos, recados y guarniciones en la cocina del centro.",Suele funcionar bien como plato principal o como entrada abundante si el resto de la comida será ligera.,true
PL127,menudo,sopa/caldo,caldo_regional,Nuevo León,Norte,"Caldo de pancita con chile y maíz, muy popular en desayunos y fines de semana.",caldo,false,medio,alto,"Es un caldo muy representativo de Nuevo León y muestra la importancia de los fondos, recados y guarniciones en la cocina del norte.","Suele funcionar bien como plato principal o como entrada abundante si el resto de la comida será ligera. Si no estás acostumbrado a comida pesada, empieza con una porción moderada o compártelo.",true
PL128,chilayo,sopa/caldo,caldo_regional,Sinaloa,Noroeste,"Caldo rojo de carne con chile ancho, muy habitual en desayunos robustos del noroeste.",caldo,false,medio,medio,"Es un caldo muy representativo de Sinaloa y muestra la importancia de los fondos, recados y guarniciones en la cocina del noroeste.",Suele funcionar bien como plato principal o como entrada abundante si el resto de la comida será ligera.,true
PL129,sopa de nopal,sopa/caldo,caldo_tradicional,Morelos,Centro,"Sopa ligera de nopales con jitomate, cebolla y caldo claro.",caldo,false,bajo,bajo,"Es un caldo muy representativo de Morelos y muestra la importancia de los fondos, recados y guarniciones en la cocina del centro.",Suele funcionar bien como plato principal o como entrada abundante si el resto de la comida será ligera.,true
PL130,caldillo durangueño,sopa/caldo,caldo_regional,Durango,Norte,"Caldo de carne seca con chile verde y jitomate, representativo de la cocina durangueña.",caldo,false,medio,medio,"Es un caldo muy representativo de Durango y muestra la importancia de los fondos, recados y guarniciones en la cocina del norte.",Suele funcionar bien como plato principal o como entrada abundante si el resto de la comida será ligera.,true
PL131,huevos rancheros,desayuno,desayuno_huevos,Sonora,Norte,"Huevos fritos sobre tortilla con salsa ranchera, frijoles y a veces queso.",abierto_con_toppings,false,medio,medio,Es una preparación muy reconocible de Sonora y ayuda a entender la cocina del norte.,"Vale la pena pedirlo temprano, cuando la textura y las guarniciones suelen estar en su mejor punto. Vale la pena confirmar toppings y salsas para ajustarlo a tu apetito y tolerancia al picante.",true
PL132,huevos divorciados,desayuno,desayuno_huevos,Ciudad de México,Centro,"Dos huevos con salsas distintas, usualmente uno rojo y otro verde, acompañados con frijoles.",abierto_con_toppings,false,medio,medio,Es una preparación muy reconocible de Ciudad de México y ayuda a entender la cocina del centro.,"Vale la pena pedirlo temprano, cuando la textura y las guarniciones suelen estar en su mejor punto. Vale la pena confirmar toppings y salsas para ajustarlo a tu apetito y tolerancia al picante.",true
PL133,huevos motuleños,desayuno,desayuno_huevos,Yucatán,Península de Yucatán,"Huevos sobre tortilla con frijol, salsa, plátano, chícharos y queso.",abierto_con_toppings,false,bajo,medio,Es una preparación muy reconocible de Yucatán y ayuda a entender la cocina del península de yucatán.,"Vale la pena pedirlo temprano, cuando la textura y las guarniciones suelen estar en su mejor punto. Vale la pena confirmar toppings y salsas para ajustarlo a tu apetito y tolerancia al picante.",true
PL134,huevos a la mexicana,desayuno,desayuno_huevos,Ciudad de México,Centro,"Huevos revueltos con jitomate, cebolla y chile, acompañados con frijoles o tortillas.",guiso,false,medio,medio,Es una preparación muy reconocible de Ciudad de México y ayuda a entender la cocina del centro.,"Vale la pena pedirlo temprano, cuando la textura y las guarniciones suelen estar en su mejor punto.",true
PL135,machaca con huevo,desayuno,desayuno_huevos,Sonora,Norte,"Huevos revueltos con carne seca, jitomate, cebolla y chile.",guiso,false,medio,medio,Es una preparación muy reconocible de Sonora y ayuda a entender la cocina del norte.,"Vale la pena pedirlo temprano, cuando la textura y las guarniciones suelen estar en su mejor punto.",true
PL136,migas norteñas,desayuno,desayuno_huevos,Nuevo León,Norte,"Huevos revueltos con tortilla frita, salsa y a veces carne seca o queso.",guiso,false,medio,medio,Es una preparación muy reconocible de Nuevo León y ayuda a entender la cocina del norte.,"Vale la pena pedirlo temprano, cuando la textura y las guarniciones suelen estar en su mejor punto.",true
PL137,desayuno minero,desayuno,desayuno_regional,Guanajuato,Bajío,"Plato matutino abundante con enchiladas, huevo, frijoles y carne o cecina.",abierto_con_toppings,false,medio,medio,Es una preparación muy reconocible de Guanajuato y ayuda a entender la cocina del bajío.,"Vale la pena pedirlo temprano, cuando la textura y las guarniciones suelen estar en su mejor punto. Vale la pena confirmar toppings y salsas para ajustarlo a tu apetito y tolerancia al picante.",true
PL138,migas veracruzanas,desayuno,desayuno_regional,Veracruz,Golfo,"Pan o tortilla humedecida en salsa con huevo, queso y a veces plátano macho o frijol.",guiso,false,medio,medio,Es una preparación muy reconocible de Veracruz y ayuda a entender la cocina del golfo.,"Vale la pena pedirlo temprano, cuando la textura y las guarniciones suelen estar en su mejor punto.",true
PL139,empalmes,antojito,antojito_norteño,Nuevo León,Norte,"Dos tortillas de maíz unidas con frijol y relleno de carne o guiso, comunes en la frontera noreste.",tortilla_rellena,false,medio,medio,Es una preparación muy reconocible de Nuevo León y ayuda a entender la cocina del norte.,Conviene comerlo recién hecho para aprovechar textura y temperatura. Vale la pena confirmar toppings y salsas para ajustarlo a tu apetito y tolerancia al picante.,true
PL140,burra percherona,antojito,burrito_regional,Sonora,Norte,"Burrito grande de tortilla de harina con carne asada, queso, frijol y vegetales.",cerrado_con_relleno,false,medio,alto,Es una preparación muy reconocible de Sonora y ayuda a entender la cocina del norte.,"Conviene comerlo recién hecho para aprovechar textura y temperatura. Si no estás acostumbrado a comida pesada, empieza con una porción moderada o compártelo.",true
PL141,torta de la barda,antojito,torta_regional,Tamaulipas,Golfo,"Torta tampiqueña con múltiples capas de carnes frías, quesos, frijoles, chorizo y salsa.",pan_relleno,false,medio,alto,Es una preparación muy reconocible de Tamaulipas y ayuda a entender la cocina del golfo.,"Conviene comerlo recién hecho para aprovechar textura y temperatura. Si no estás acostumbrado a comida pesada, empieza con una porción moderada o compártelo.",true
PL142,vampiros sinaloenses,antojito,taco_regional,Sinaloa,Noroeste,"Tostada de tortilla dorada con queso y carne asada, servida como antojito taquero.",abierto_con_toppings,false,medio,medio,Es una preparación muy reconocible de Sinaloa y ayuda a entender la cocina del noroeste.,Conviene comerlo recién hecho para aprovechar textura y temperatura. Vale la pena confirmar toppings y salsas para ajustarlo a tu apetito y tolerancia al picante.,true
PL143,atole,bebida,bebida_maiz,Tlaxcala,Centro,"Bebida caliente espesa de maíz o masa, aromatizada con frutas, vainilla o canela.",bebida,false,bajo,bajo,Es una bebida muy reconocible de Tlaxcala y aporta contexto sobre costumbres cotidianas y celebratorias del centro.,Lo ideal es pedirlo de la casa o recién preparado para notar mejor su perfil regional.,true
PL144,champurrado,bebida,bebida_maiz,Ciudad de México,Centro,"Atole de chocolate espeso y reconfortante, muy común en desayunos y noches frescas.",bebida,false,bajo,bajo,Es una bebida muy reconocible de Ciudad de México y aporta contexto sobre costumbres cotidianas y celebratorias del centro.,Lo ideal es pedirlo de la casa o recién preparado para notar mejor su perfil regional.,true
PL145,tejate,bebida,bebida_tradicional,Oaxaca,Sur,"Bebida fría de maíz, cacao, hueso de mamey y flor de cacao, de textura espumosa.",bebida,false,bajo,bajo,Es una bebida muy reconocible de Oaxaca y aporta contexto sobre costumbres cotidianas y celebratorias del sur.,Lo ideal es pedirlo de la casa o recién preparado para notar mejor su perfil regional.,true
PL146,tascalate,bebida,bebida_tradicional,Chiapas,Sur,"Bebida chiapaneca de maíz tostado, cacao, achiote y canela que puede tomarse fría o templada.",bebida,false,bajo,bajo,Es una bebida muy reconocible de Chiapas y aporta contexto sobre costumbres cotidianas y celebratorias del sur.,Lo ideal es pedirlo de la casa o recién preparado para notar mejor su perfil regional.,true
PL147,pozol,bebida,bebida_tradicional,Tabasco,Sur,"Bebida espesa y refrescante de maíz y cacao, muy usada para combatir el calor húmedo del sureste.",bebida,false,bajo,bajo,Es una bebida muy reconocible de Tabasco y aporta contexto sobre costumbres cotidianas y celebratorias del sur.,Lo ideal es pedirlo de la casa o recién preparado para notar mejor su perfil regional.,true
PL148,tejuino,bebida,bebida_tradicional,Jalisco,Occidente,"Bebida de maíz fermentado suave, servida fría con limón, sal y a veces nieve.",bebida,false,bajo,bajo,Es una bebida muy reconocible de Jalisco y aporta contexto sobre costumbres cotidianas y celebratorias del occidente.,Lo ideal es pedirlo de la casa o recién preparado para notar mejor su perfil regional.,true
PL149,tepache,bebida,bebida_tradicional,Ciudad de México,Centro,"Bebida ligeramente fermentada de cáscara de piña, canela y piloncillo.",bebida,false,bajo,bajo,Es una bebida muy reconocible de Ciudad de México y aporta contexto sobre costumbres cotidianas y celebratorias del centro.,Lo ideal es pedirlo de la casa o recién preparado para notar mejor su perfil regional.,true
PL150,tuba,bebida,bebida_tradicional,Colima,Pacífico,"Bebida fresca de savia de palma, a menudo servida con nuez, manzana o cacahuate.",bebida,false,bajo,bajo,Es una bebida muy reconocible de Colima y aporta contexto sobre costumbres cotidianas y celebratorias del pacífico.,Lo ideal es pedirlo de la casa o recién preparado para notar mejor su perfil regional.,true
PL151,agua de jamaica,bebida,agua_fresca,Puebla,Centro,"Infusión fría de flor de jamaica, de perfil ácido y refrescante.",bebida,false,bajo,bajo,Es una bebida muy reconocible de Puebla y aporta contexto sobre costumbres cotidianas y celebratorias del centro.,Lo ideal es pedirlo de la casa o recién preparado para notar mejor su perfil regional.,true
PL152,agua de horchata,bebida,agua_fresca,Ciudad de México,Centro,"Agua fresca de arroz, canela y leche o versión vegetal según el local.",bebida,false,bajo,bajo,Es una bebida muy reconocible de Ciudad de México y aporta contexto sobre costumbres cotidianas y celebratorias del centro.,Lo ideal es pedirlo de la casa o recién preparado para notar mejor su perfil regional.,true
PL153,café de olla,bebida,bebida_caliente,Estado de México,Centro,Café hervido con canela y piloncillo en olla de barro.,bebida,false,bajo,bajo,Es una bebida muy reconocible de Estado de México y aporta contexto sobre costumbres cotidianas y celebratorias del centro.,Vale la pena pedirlo sin exceso de azúcar añadida para notar mejor la canela y el piloncillo.,true
PL154,chocolate de agua,bebida,bebida_caliente,Oaxaca,Sur,"Chocolate espumoso preparado con agua y cacao, muy ligado a desayunos y meriendas oaxaqueñas.",bebida,false,bajo,bajo,Es una bebida muy reconocible de Oaxaca y aporta contexto sobre costumbres cotidianas y celebratorias del sur.,Lo ideal es pedirlo de la casa o recién preparado para notar mejor su perfil regional.,true
PL155,pulque,bebida,bebida_fermentada,Hidalgo,Centro,"Bebida fermentada de aguamiel de maguey, de textura densa y sabor láctico natural.",bebida,false,bajo,bajo,Es una bebida muy reconocible de Hidalgo y aporta contexto sobre costumbres cotidianas y celebratorias del centro.,Lo ideal es pedirlo de la casa o recién preparado para notar mejor su perfil regional.,true
PL156,rompope,bebida,bebida_licorosa,Puebla,Centro,"Bebida dulce con yema, leche y licor, ligada a conventos y postres tradicionales.",bebida,false,bajo,bajo,Es una bebida muy reconocible de Puebla y aporta contexto sobre costumbres cotidianas y celebratorias del centro.,Lo ideal es pedirlo de la casa o recién preparado para notar mejor su perfil regional.,true
PL157,xtabentún,bebida,bebida_licorosa,Yucatán,Península de Yucatán,"Licor regional anisado con miel fermentada, servido solo o con hielo.",bebida,false,bajo,bajo,Es una bebida muy reconocible de Yucatán y aporta contexto sobre costumbres cotidianas y celebratorias del península de yucatán.,Lo ideal es pedirlo de la casa o recién preparado para notar mejor su perfil regional.,true
PL158,pinole,bebida,bebida_tradicional,Chihuahua,Norte,"Bebida o mezcla bebible de maíz tostado molido, de raíz indígena y gran utilidad energética.",bebida,false,bajo,bajo,Es una bebida muy reconocible de Chihuahua y aporta contexto sobre costumbres cotidianas y celebratorias del norte.,Lo ideal es pedirlo de la casa o recién preparado para notar mejor su perfil regional.,true
PL159,chilate,bebida,bebida_tradicional,Guerrero,Centro-Sur,"Bebida fría de cacao, arroz y canela muy consumida en la costa guerrerense.",bebida,false,bajo,bajo,Es una bebida muy reconocible de Guerrero y aporta contexto sobre costumbres cotidianas y celebratorias del centro-sur.,Lo ideal es pedirlo de la casa o recién preparado para notar mejor su perfil regional.,true
PL160,bacanora,bebida,bebida_licorosa,Sonora,Norte,"Destilado sonorense de agave, de carácter seco y muy ligado a identidad regional.",bebida,false,bajo,bajo,Es una bebida muy reconocible de Sonora y aporta contexto sobre costumbres cotidianas y celebratorias del norte.,Lo ideal es pedirlo de la casa o recién preparado para notar mejor su perfil regional.,true
PL161,charanda,bebida,bebida_licorosa,Michoacán,Occidente,"Destilado de caña originario de Michoacán, usado solo o en coctelería local.",bebida,false,bajo,bajo,Es una bebida muy reconocible de Michoacán y aporta contexto sobre costumbres cotidianas y celebratorias del occidente.,Lo ideal es pedirlo de la casa o recién preparado para notar mejor su perfil regional.,true
PL162,pan de muerto,pan/antojito dulce,pan_dulce_mexicano,Ciudad de México,Centro,"Pan suave aromatizado con cítricos o azahar, emblemático de la temporada de Día de Muertos.",postre,false,bajo,bajo,Es una preparación muy ligada al calendario festivo de Ciudad de México y ayuda a entender la cocina ceremonial del centro.,"Lo mejor es buscarlo fresco, de panadería o mercado con buena rotación. Si puedes, pruébalo en temporada, cuando suele prepararse con más cuidado y mejor contexto cultural.",true
PL163,capirotada,postre,postre_tradicional,Jalisco,Occidente,"Postre de pan remojado con piloncillo, queso, especias y frutos secos.",postre,false,bajo,medio,Es un postre muy reconocible de Jalisco y ayuda a completar la visión dulce de la cocina del occidente.,Conviene pedir una porción moderada si ya probaste varios antojitos o platillos fuertes.,true
PL164,jericalla,postre,postre_tradicional,Jalisco,Occidente,"Postre horneado de leche y huevo con superficie tostada, cercano a un flan firme.",postre,false,bajo,medio,Es un postre muy reconocible de Jalisco y ayuda a completar la visión dulce de la cocina del occidente.,Conviene pedir una porción moderada si ya probaste varios antojitos o platillos fuertes.,true
PL165,arroz con leche,postre,postre_tradicional,Ciudad de México,Centro,Postre cremoso de arroz cocido en leche con canela y a veces pasas.,postre,false,bajo,medio,Es un postre muy reconocible de Ciudad de México y ayuda a completar la visión dulce de la cocina del centro.,Conviene pedir una porción moderada si ya probaste varios antojitos o platillos fuertes.,true
PL166,buñuelos,postre,postre_tradicional,Estado de México,Centro,"Discos delgados y crujientes fritos, espolvoreados con azúcar y canela o bañados en miel.",postre,false,bajo,medio,Es un postre muy reconocible de Estado de México y ayuda a completar la visión dulce de la cocina del centro.,Conviene pedir una porción moderada si ya probaste varios antojitos o platillos fuertes.,true
PL167,cocadas,postre,postre_tradicional,Guerrero,Centro-Sur,"Dulce de coco horneado o prensado, de textura suave o ligeramente tostada.",postre,false,bajo,medio,Es un postre muy reconocible de Guerrero y ayuda a completar la visión dulce de la cocina del centro-sur.,Conviene pedir una porción moderada si ya probaste varios antojitos o platillos fuertes.,true
PL168,alegrías,pan/antojito dulce,dulce_de_semilla,Ciudad de México,Centro,Dulce a base de amaranto ligado con miel o piloncillo.,postre,false,bajo,bajo,"Es una pieza de pan o antojito dulce ligada a hornos, panaderías y celebraciones de Ciudad de México.","Lo mejor es buscarlo fresco, de panadería o mercado con buena rotación.",true
PL169,camotes poblanos,postre,dulce_tradicional,Puebla,Centro,"Dulces de camote cocido y aromatizado, típicos de confitería poblana.",postre,false,bajo,medio,Es un postre muy reconocible de Puebla y ayuda a completar la visión dulce de la cocina del centro.,Conviene pedir una porción moderada si ya probaste varios antojitos o platillos fuertes.,true
PL170,ate de membrillo,postre,dulce_tradicional,Michoacán,Occidente,"Pasta dulce de fruta cocida y compacta, común en tablitas o rebanadas.",postre,false,bajo,medio,Es un postre muy reconocible de Michoacán y ayuda a completar la visión dulce de la cocina del occidente.,Conviene pedir una porción moderada si ya probaste varios antojitos o platillos fuertes.,true
PL171,cajeta de Celaya,postre,dulce_tradicional,Guanajuato,Bajío,Dulce espeso de leche de cabra cocida lentamente hasta caramelizar.,postre,false,bajo,medio,Es un postre muy reconocible de Guanajuato y ayuda a completar la visión dulce de la cocina del bajío.,Conviene pedir una porción moderada si ya probaste varios antojitos o platillos fuertes.,true
PL172,glorias,postre,dulce_tradicional,Nuevo León,Norte,Dulce norteño de leche quemada y nuez envuelto en papel rojo.,postre,false,bajo,medio,Es un postre muy reconocible de Nuevo León y ayuda a completar la visión dulce de la cocina del norte.,Conviene pedir una porción moderada si ya probaste varios antojitos o platillos fuertes.,true
PL173,jamoncillo,postre,dulce_tradicional,Querétaro,Bajío,"Dulce de leche reducido y moldeado, a veces con nuez o vainilla.",postre,false,bajo,medio,Es un postre muy reconocible de Querétaro y ayuda a completar la visión dulce de la cocina del bajío.,Conviene pedir una porción moderada si ya probaste varios antojitos o platillos fuertes.,true
PL174,chongos zamoranos,postre,postre_tradicional,Michoacán,Occidente,"Leche cuajada en almíbar suave, muy representativa de Zamora.",postre,false,bajo,medio,Es un postre muy reconocible de Michoacán y ayuda a completar la visión dulce de la cocina del occidente.,Conviene pedir una porción moderada si ya probaste varios antojitos o platillos fuertes.,true
PL175,suspiros de monja,postre,postre_tradicional,Puebla,Centro,"Dulce conventual pequeño y aireado, de sabor delicado y gran arraigo histórico.",postre,false,bajo,medio,Es un postre muy reconocible de Puebla y ayuda a completar la visión dulce de la cocina del centro.,Conviene pedir una porción moderada si ya probaste varios antojitos o platillos fuertes.,true
PL176,nieves de garrafa,postre,postre_tradicional,Oaxaca,Sur,"Nieve artesanal batida en garrafa con frutas, leche o moles dulces.",postre,false,bajo,medio,Es un postre muy reconocible de Oaxaca y ayuda a completar la visión dulce de la cocina del sur.,Conviene pedir una porción moderada si ya probaste varios antojitos o platillos fuertes.,true
PL177,calabaza en tacha,postre,postre_tradicional,Estado de México,Centro,"Calabaza cocida con piloncillo y canela, muy ligada a la temporada otoñal.",postre,false,bajo,medio,Es una preparación muy ligada al calendario festivo de Estado de México y ayuda a entender la cocina ceremonial del centro.,"Conviene pedir una porción moderada si ya probaste varios antojitos o platillos fuertes. Si puedes, pruébalo en temporada, cuando suele prepararse con más cuidado y mejor contexto cultural.",true
PL178,muéganos de Huamantla,pan/antojito dulce,dulce_tradicional,Tlaxcala,Centro,Pequeños bloques crujientes de masa frita unida con miel o piloncillo.,postre,false,bajo,bajo,"Es una pieza de pan o antojito dulce ligada a hornos, panaderías y celebraciones de Tlaxcala.","Lo mejor es buscarlo fresco, de panadería o mercado con buena rotación.",true
PL179,nicuatole,postre,postre_tradicional,Oaxaca,Sur,"Postre gelificado de maíz y azúcar, perfumado con canela o frutas.",postre,false,bajo,medio,Es un postre muy reconocible de Oaxaca y ayuda a completar la visión dulce de la cocina del sur.,Vale la pena probarlo bien frío y en porción pequeña si ya se probaron otros postres más densos.,true
PL180,gaznates,pan/antojito dulce,pan_dulce_mexicano,Oaxaca,Sur,Canutillos crujientes rellenos de merengue o crema dulce.,postre,false,bajo,bajo,"Es una pieza de pan o antojito dulce ligada a hornos, panaderías y celebraciones de Oaxaca.","Lo mejor es buscarlo fresco, de panadería o mercado con buena rotación.",true
PL181,marquesote oaxaqueño,pan/antojito dulce,pan_dulce_mexicano,Oaxaca,Sur,Bizcocho seco y alto que suele acompañar chocolate de agua o café.,postre,false,bajo,bajo,"Es una pieza de pan o antojito dulce ligada a hornos, panaderías y celebraciones de Oaxaca.","Lo mejor es buscarlo fresco, de panadería o mercado con buena rotación.",true
PL182,coyotas,pan/antojito dulce,pan_dulce_mexicano,Sonora,Norte,"Galletas grandes rellenas de piloncillo, cajeta o fruta, muy típicas de Hermosillo.",postre,false,bajo,bajo,"Es una pieza de pan o antojito dulce ligada a hornos, panaderías y celebraciones de Sonora.","Lo mejor es buscarlo fresco, de panadería o mercado con buena rotación.",true
PL183,concha,pan/antojito dulce,pan_dulce_mexicano,Ciudad de México,Centro,"Pan dulce suave coronado con costra azucarada, básico de panaderías mexicanas.",postre,false,bajo,bajo,"Es una pieza de pan o antojito dulce ligada a hornos, panaderías y celebraciones de Ciudad de México.","Lo mejor es buscarlo fresco, de panadería o mercado con buena rotación.",true
PL184,pan de yema,pan/antojito dulce,pan_dulce_mexicano,Oaxaca,Sur,"Pan suave enriquecido con yema y anís, habitual en fiestas y mesas oaxaqueñas.",postre,false,bajo,bajo,"Es una pieza de pan o antojito dulce ligada a hornos, panaderías y celebraciones de Oaxaca.","Lo mejor es buscarlo fresco, de panadería o mercado con buena rotación.",true
PL185,pan de pulque,pan/antojito dulce,pan_dulce_mexicano,Hidalgo,Centro,"Pan fermentado con pulque, de miga densa y sabor ligeramente ácido.",postre,false,bajo,bajo,"Es una pieza de pan o antojito dulce ligada a hornos, panaderías y celebraciones de Hidalgo.","Lo mejor es buscarlo fresco, de panadería o mercado con buena rotación.",true
PL186,dulce de leche quemada,postre,dulce_tradicional,Chihuahua,Norte,"Dulce de leche concentrada y caramelizada, típico de cocinas y ferias norteñas.",postre,false,bajo,medio,Es una preparación muy ligada al calendario festivo de Chihuahua y ayuda a entender la cocina ceremonial del norte.,"Conviene pedir una porción moderada si ya probaste varios antojitos o platillos fuertes. Si puedes, pruébalo en temporada, cuando suele prepararse con más cuidado y mejor contexto cultural.",true
PL187,chilacayote cristalizado,postre,dulce_tradicional,Puebla,Centro,"Dulce de chilacayote cocido y secado con almíbar, de textura fibrosa y brillante.",postre,false,bajo,medio,Es un postre muy reconocible de Puebla y ayuda a completar la visión dulce de la cocina del centro.,Conviene pedir una porción moderada si ya probaste varios antojitos o platillos fuertes.,true
PL188,caballito de papaya,postre,dulce_tradicional,Oaxaca,Sur,Tira de papaya cocida en almíbar y presentada como dulce de mercado.,postre,false,bajo,medio,Es un postre muy reconocible de Oaxaca y ayuda a completar la visión dulce de la cocina del sur.,Conviene pedir una porción moderada si ya probaste varios antojitos o platillos fuertes.,true
PL189,nanches en almíbar,postre,postre_tradicional,Nayarit,Pacífico,"Fruta regional cocida en almíbar especiado, común en cocinas caseras del Pacífico.",postre,false,bajo,medio,Es un postre muy reconocible de Nayarit y ayuda a completar la visión dulce de la cocina del pacífico.,Conviene pedir una porción moderada si ya probaste varios antojitos o platillos fuertes.,true
PL190,romeritos,platillo fuerte,guiso_festivo,Ciudad de México,Centro,"Guiso de romeritos con mole, papas y tortitas de camarón, muy presente en mesas decembrinas.",guiso,false,medio,medio,Es uno de los platillos festivos más reconocibles del centro del país durante Navidad y Año Nuevo.,Conviene probarlo en temporada decembrina y preguntar si la casa lo sirve con tortitas de camarón o versión sin ellas.,true
PL191,verdolagas con cerdo,platillo fuerte,guiso_casero,Estado de México,Centro,"Guiso casero de carne de cerdo con verdolagas y salsa verde, muy común en cocinas familiares.",guiso,false,medio,medio,Es una preparación muy reconocible de Estado de México y ayuda a entender la cocina del centro.,Conviene pedirlo como plato principal y revisar qué guarnición local ofrece la cocina.,true
PL192,bacalao a la vizcaína,platillo fuerte,guiso_festivo,Ciudad de México,Centro,"Bacalao desmenuzado con jitomate, aceitunas, alcaparras y papa, adoptado como plato festivo en México.",guiso,false,bajo,medio,"Aunque parte de una raíz ibérica, en México se volvió un clásico navideño ampliamente reconocido.","Lo mejor es buscarlo en temporada decembrina, cuando muchas familias y restaurantes lo preparan como especial.",true
PL193,tortitas de camarón,platillo fuerte,guiso_casero,Ciudad de México,Centro,Tortitas de camarón seco o molido servidas en caldillo rojo o con nopales.,guiso,false,medio,medio,Es una preparación muy reconocible de Ciudad de México y refleja la lógica costera de la cocina del centro.,Conviene pedirlo como plato principal y revisar qué guarnición local ofrece la cocina. Mejor en un lugar con buena rotación y cadena de frío.,true
PL194,huauzontles en caldillo,platillo fuerte,guiso_casero,Puebla,Centro,"Racimos de huauzontle capeados o cocidos, servidos en salsa de jitomate y a veces rellenos de queso.",cerrado_con_relleno,false,bajo,medio,Es una preparación muy reconocible de Puebla y ayuda a entender la cocina del centro.,Conviene pedirlo como plato principal y revisar qué guarnición local ofrece la cocina.,true
PL195,adobo de puerco,platillo fuerte,guiso_casero,Oaxaca,Sur,"Cerdo cocido lentamente en salsa de chiles secos, vinagre y especias.",guiso,false,medio,medio,Es una preparación muy reconocible de Oaxaca y ayuda a entender la cocina del sur.,Conviene pedirlo como plato principal y revisar qué guarnición local ofrece la cocina.,true
PL196,chicharrón en salsa verde,platillo fuerte,guiso_casero,Ciudad de México,Centro,"Chicharrón cocinado en salsa verde espesa, muy común en fondas, casas y puestos de guisados.",guiso,false,medio,alto,Es una preparación muy reconocible de Ciudad de México y ayuda a entender la cocina del centro.,"Conviene pedirlo como plato principal y revisar qué guarnición local ofrece la cocina. Si no estás acostumbrado a comida pesada, empieza con una porción moderada o compártelo.",true
PL197,rajas con crema,platillo fuerte,guiso_casero,Puebla,Centro,"Rajas de chile poblano cocidas con crema, cebolla y queso.",guiso,false,bajo,medio,Es una preparación muy reconocible de Puebla y ayuda a entender la cocina del centro.,Conviene pedirlo como plato principal y revisar qué guarnición local ofrece la cocina.,true
PL198,ensalada de nopales,botana,botana_vegetal,Ciudad de México,Centro,"Nopales cocidos y enfriados con jitomate, cebolla, cilantro, queso y orégano.",abierto_con_toppings,false,bajo,bajo,Es una botana representativa de Ciudad de México y muestra cómo la calle y la reunión informal también definen la cocina del centro.,Rinde mejor si se pide recién armado y se comparte mientras pruebas otras cosas. Vale la pena confirmar toppings y salsas para ajustarlo a tu apetito y tolerancia al picante.,true
PL199,bistec a la mexicana,platillo fuerte,guiso_casero,Ciudad de México,Centro,"Bistec picado o en tiras cocinado con jitomate, cebolla y chile.",guiso,false,medio,medio,Es una preparación muy reconocible de Ciudad de México y ayuda a entender la cocina del centro.,Conviene pedirlo como plato principal y revisar qué guarnición local ofrece la cocina.,true
PL200,albóndigas al chipotle,platillo fuerte,guiso_casero,Ciudad de México,Centro,Albóndigas de carne servidas en caldillo de jitomate y chipotle.,caldo,false,medio,medio,Es una preparación muy reconocible de Ciudad de México y ayuda a entender la cocina del centro.,Conviene pedirlo como plato principal y revisar qué guarnición local ofrece la cocina.,true
PL201,dorilocos,botana,botana_callejera,Ciudad de México,Centro,"Botana callejera armada dentro de una bolsa de fritura con salsas, cueritos, cacahuates y vegetales.",abierto_con_toppings,false,medio,alto,Es una botana representativa de Ciudad de México y muestra cómo la calle y la reunión informal también definen la cocina del centro.,"Rinde mejor si se pide recién armado y se comparte mientras pruebas otras cosas. Si no estás acostumbrado a comida pesada, empieza con una porción moderada o compártelo.",true
PL202,tostilocos,botana,botana_callejera,Estado de México,Centro,"Bolsa de fritura abierta y cargada con cueritos, cacahuates, jícama, pepino, chamoy y salsas.",abierto_con_toppings,false,medio,alto,Es una botana representativa de Estado de México y muestra cómo la calle y la reunión informal también definen la cocina del centro.,"Rinde mejor si se pide recién armado y se comparte mientras pruebas otras cosas. Si no estás acostumbrado a comida pesada, empieza con una porción moderada o compártelo.",true
PL203,papas preparadas,botana,botana_callejera,Ciudad de México,Centro,"Papas fritas servidas con salsas, limón, chile, crema, queso o toppings salados.",abierto_con_toppings,false,medio,alto,Es una botana representativa de Ciudad de México y muestra cómo la calle y la reunión informal también definen la cocina del centro.,"Rinde mejor si se pide recién armado y se comparte mientras pruebas otras cosas. Si no estás acostumbrado a comida pesada, empieza con una porción moderada o compártelo.",true
PL204,chicharrón preparado,botana,botana_callejera,Ciudad de México,Centro,"Chicharrón de harina grande servido con crema, cueritos, queso, salsa y vegetales.",abierto_con_toppings,false,medio,alto,Es una botana representativa de Ciudad de México y muestra cómo la calle y la reunión informal también definen la cocina del centro.,"Rinde mejor si se pide recién armado y se comparte mientras pruebas otras cosas. Si no estás acostumbrado a comida pesada, empieza con una porción moderada o compártelo.",true
PL205,salchipulpos,botana,botana_callejera,Estado de México,Centro,"Salchichas cortadas y fritas, servidas con papas, salsas y aderezos.",abierto_con_toppings,false,medio,alto,Es una botana representativa de Estado de México y muestra cómo la calle y la reunión informal también definen la cocina del centro.,"Rinde mejor si se pide recién armado y se comparte mientras pruebas otras cosas. Si no estás acostumbrado a comida pesada, empieza con una porción moderada o compártelo.",true
PL206,duros preparados,botana,botana_callejera,Jalisco,Occidente,"Botana inflada de trigo o harina servida con limón, salsa, crema, cueritos o pepino.",abierto_con_toppings,false,medio,medio,Es una botana representativa de Jalisco y muestra cómo la calle y la reunión informal también definen la cocina del occidente.,Rinde mejor si se pide recién armado y se comparte mientras pruebas otras cosas. Vale la pena confirmar toppings y salsas para ajustarlo a tu apetito y tolerancia al picante.,true
PL207,pepihuates,botana,botana_callejera,Sinaloa,Noroeste,"Mezcla callejera de pepino con cacahuates, limón, salsas y chile líquido.",abierto_con_toppings,false,medio,bajo,Es una botana representativa de Sinaloa y muestra cómo la calle y la reunión informal también definen la cocina del noroeste.,Rinde mejor si se pide recién armado y se comparte mientras pruebas otras cosas. Vale la pena confirmar toppings y salsas para ajustarlo a tu apetito y tolerancia al picante.,true
PL208,cahuamanta,sopa/caldo,caldo_costero,Sonora,Norte,"Caldo sonorense de mantarraya o mariscos, muy ligado a la cultura popular del noroeste.",caldo,false,medio,medio,"Es un caldo muy representativo de Sonora y muestra la importancia de los fondos, recados y guarniciones en la cocina del norte.",Suele funcionar bien como plato principal o como entrada abundante si el resto de la comida será ligera. Mejor en un lugar con buena rotación y cadena de frío.,true
PL209,caldo de queso,sopa/caldo,caldo_regional,Sonora,Norte,"Caldo ligero de papa, chile verde y queso fresco, muy representativo de la cocina sonorense.",caldo,false,bajo,bajo,"Es un caldo muy representativo de Sonora y muestra la importancia de los fondos, recados y guarniciones en la cocina del norte.",Suele funcionar bien como plato principal o como entrada abundante si el resto de la comida será ligera.,true
PL210,pejelagarto asado,platillo fuerte,marisco_costero,Tabasco,Sur,"Pescado de río asado al carbón, servido con tortillas, salsa y limón.",guiso,false,bajo,bajo,Es una preparación muy reconocible de Tabasco y refleja la lógica costera de la cocina del sur.,Conviene pedirlo como plato principal y revisar qué guarnición local ofrece la cocina. Mejor en un lugar con buena rotación y cadena de frío.,true
PL211,pámpano en escabeche,platillo fuerte,marisco_costero,Campeche,Península de Yucatán,"Pescado cocido y marinado con vinagre, especias y vegetales, común en la costa campechana.",guiso,false,bajo,bajo,Es una preparación muy reconocible de Campeche y refleja la lógica costera de la cocina del península de yucatán.,Conviene pedirlo como plato principal y revisar qué guarnición local ofrece la cocina. Mejor en un lugar con buena rotación y cadena de frío.,true
PL212,sopitos colimotes,antojito,antojito_colimense,Colima,Pacífico,"Discos pequeños de masa frita servidos con carne molida, lechuga, queso y salsa.",abierto_con_toppings,false,medio,medio,Es una preparación muy reconocible de Colima y ayuda a entender la cocina del pacífico.,Conviene comerlo recién hecho para aprovechar textura y temperatura. Vale la pena confirmar toppings y salsas para ajustarlo a tu apetito y tolerancia al picante.,true
PL213,paste,antojito,pan_relleno_regional,Hidalgo,Centro,"Empanada horneada de masa firme rellena con guisos salados o dulces, muy asociada a la zona minera hidalguense.",cerrado_con_relleno,true,bajo,medio,Es uno de los bocados más reconocibles de Hidalgo y tiene valor turístico claro por su vínculo con la historia minera del estado.,Vale la pena probarlo recién horneado y comparar al menos un relleno salado y uno dulce para captar mejor la tradición local.,true
PL214,fideo seco,sopa/caldo,sopa_seca,Ciudad de México,Centro,Pasta corta cocinada hasta absorber salsa de jitomate o chipotle y servida como sopa seca.,caldo,false,bajo,bajo,"Es un caldo muy representativo de Ciudad de México y muestra la importancia de los fondos, recados y guarniciones en la cocina del centro.",Suele funcionar bien como plato principal o como entrada abundante si el resto de la comida será ligera.,true
PL215,picadita,antojito,antojito_regional,Veracruz,Golfo,Disco pequeño de masa con borde pellizcado untado con salsa y queso encima.,abierto_con_toppings,true,medio,medio,Es una preparación muy reconocible de Veracruz y ayuda a entender la cocina del golfo.,Conviene comerlo recién hecho para aprovechar textura y temperatura. Vale la pena confirmar toppings y salsas para ajustarlo a tu apetito y tolerancia al picante.,true
PL216,nachos,botana,botana_norteña,Coahuila,Norte,"Totopos de maíz bañados con queso fundido, jalapeños y a veces frijoles o carne molida, creados en Piedras Negras.",abierto_con_toppings,true,medio,medio,Es una botana muy reconocible de Coahuila y muestra cómo la cocina fronteriza se ha expandido internacionalmente.,"Conviene comerlo recién hecho para aprovechar textura y temperatura. Si no estás acostumbrado a comida pesada, empieza con una porción moderada o compártelo.",true
PL217,chicharrón de puerco,botana,botana_regional,Ciudad de México,Centro,"Piel y a veces carne de cerdo fritas hasta quedar crujientes, servidas con limón y salsa.",guiso,false,medio,alto,Es una botana muy reconocible del centro del país y suele aparecer en mercados y fondas tradicionales.,"Conviene comerlo recién hecho para aprovechar textura y temperatura. Si no estás acostumbrado a comida pesada, empieza con una porción moderada o compártelo.",true
PL218,cuerito,botana,botana_regional,Ciudad de México,Centro,"Piel de cerdo curtida en vinagre con textura suave y gelatinosa, común en fondas y puestos de antojitos.",guiso,false,bajo,alto,Es una botana muy reconocible del centro del país y acompaña tostadas o tacos de canasta.,"Conviene pedirlo fresco. Si no estás acostumbrado a texturas intensas, empieza con una porción moderada o compártelo.",true
PL219,chistorra,botana,botana_norteña,Sonora,Norte,"Embutido delgado de cerdo con paprika y ajo, frito o asado y servido como botana o taco.",guiso,false,medio,alto,Es una botana muy reconocible del norte del país y se suele compartir al inicio de la comida.,Conviene pedirla recién hecha para aprovechar textura y temperatura. Vale la pena confirmar si viene sola o dentro de una tortilla.,true
PL220,pan de cazón,platillo fuerte,guiso_regional,Campeche,Península de Yucatán,"Tortillas apiladas con cazón deshebrado, frijol colado y salsa de jitomate con chile habanero.",tortilla_rellena,false,alto,medio,Es uno de los platillos más representativos de Campeche y tiene alto valor turístico por su sabor y presentación regional.,Conviene pedirlo como plato principal y revisar qué guarnición local ofrece la cocina. Pregunta por el nivel de habanero antes de pedirlo si tu tolerancia es baja.,true
